SAM,Description,MemberofGroup
Group1,Test Group,Domain Admins
Group2,Test Group,Group1
Group3,Test Group,Administrators
Group4,Test Group,Account Operators
Group5,Test Group,Domain Admins
Group6,Test Group,Backup Operators
Group7,Test Group,Group5
Group8,Test Group,Group3
Group9,Test Group,Administrators
Group10,Test Group,Group7
Group11,Test Group,Group9
Group12,Test Group,Group Policy Creator Owners
Group13,Test Group,Server Operators
Group14,Test Group,Domain Admins
Group15,Test Group,Event Log Readers
Group16,Test Group,Group14
Group17,Test Group,Group13
Group18,Test Group,Group3
Group19,Test Group,Administrators
Group20,Test Group,Group12
Group21,Test Group,Group19
Group22,Test Group,Group19
Group23,Test Group,Group9
Group24,Test Group,DnsAdmins
Group25,Test Group,Domain Admins
Group26,Test Group,Schema Admins
Group27,Test Group,Group21
Group28,Test Group,Administrators
Group29,Test Group,Group26
