SAM,Description,MemberofGroup
Group1,Test Group,Domain Admins
Group2,Test Group,Group1
Group3,Test Group,Administrators
Group4,Test Group,
Group5,Test Group,Domain Admins
Group6,Test Group,
Group7,Test Group,
Group8,Test Group,
Group9,Test Group,Administrators
Group10,Test Group,
Group11,Test Group,Group9
Group12,Test Group,
Group13,Test Group,
Group14,Test Group,Domain Admins
Group15,Test Group,
Group16,Test Group,Group14
Group17,Test Group,
Group18,Test Group,
Group19,Test Group,Administrators
Group20,Test Group,
Group21,Test Group,
Group22,Test Group,Group19
Group23,Test Group,
Group24,Test Group,
Group25,Test Group,Domain Admins
Group26,Test Group,
Group27,Test Group,
Group28,Test Group,Administrators
Group29,Test Group,
