SAM,Description
Group1,Test Group
Group2,Test Group
Group3,Test Group
Group4,Test Group
Group5,Test Group
Group6,Test Group
Group7,Test Group
Group8,Test Group
Group9,Test Group
Group10,Test Group
Group11,Test Group
Group12,Test Group
Group13,Test Group
Group14,Test Group
Group15,Test Group
Group16,Test Group
Group17,Test Group
Group18,Test Group
Group19,Test Group
Group20,Test Group
Group21,Test Group
Group22,Test Group
Group23,Test Group
Group24,Test Group
Group25,Test Group
Group26,Test Group
Group27,Test Group
Group28,Test Group
Group29,Test Group
