Firstname,Lastname,SAM,Password,Group
First1,Last1,Last1,P@ssw0rd1234,Group1
First2,Last2,Last2,P@ssw0rd1235,Group2
First3,Last3,Last3,P@ssw0rd1236,Group3
First4,Last4,Last4,P@ssw0rd1237,Group4
First5,Last5,Last5,P@ssw0rd1238,Group5
First6,Last6,Last6,P@ssw0rd1239,Group6
First7,Last7,Last7,P@ssw0rd1240,Group7
First8,Last8,Last8,P@ssw0rd1241,Domain Admins
First9,Last9,Last9,P@ssw0rd1242,Group9
First10,Last10,Last10,P@ssw0rd1243,Group10
First11,Last11,Last11,P@ssw0rd1244,Group11
First12,Last12,Last12,P@ssw0rd1245,Group12
First13,Last13,Last13,P@ssw0rd1246,Group13
First14,Last14,Last14,P@ssw0rd1247,Group14
First15,Last15,Last15,P@ssw0rd1248,Domain Admins
First16,Last16,Last16,P@ssw0rd1249,Group16
First17,Last17,Last17,P@ssw0rd1250,Group17
First18,Last18,Last18,P@ssw0rd1251,Group18
First19,Last19,Last19,P@ssw0rd1252,Group19
First20,Last20,Last20,P@ssw0rd1253,Administrators
First21,Last21,Last21,P@ssw0rd1254,Group21
First22,Last22,Last22,P@ssw0rd1255,Group22
First23,Last23,Last23,P@ssw0rd1256,Group23
First24,Last24,Last24,P@ssw0rd1257,Group24
First25,Last25,Last25,P@ssw0rd1258,Group25
First26,Last26,Last26,P@ssw0rd1259,Group26
First27,Last27,Last27,P@ssw0rd1260,Group27
First28,Last28,Last28,P@ssw0rd1261,Group28
First29,Last29,Last29,P@ssw0rd1262,Group29
First30,Last30,Last30,P@ssw0rd1263,Group1
First31,Last31,Last31,P@ssw0rd1264,Domain Admins
First32,Last32,Last32,P@ssw0rd1265,Group3
First33,Last33,Last33,P@ssw0rd1266,Group4
First34,Last34,Last34,P@ssw0rd1267,Group5
First35,Last35,Last35,P@ssw0rd1268,Group6
First36,Last36,Last36,P@ssw0rd1269,Group7
First37,Last37,Last37,P@ssw0rd1270,Group8
First38,Last38,Last38,P@ssw0rd1271,Administrators
First39,Last39,Last39,P@ssw0rd1272,Group10
First40,Last40,Last40,P@ssw0rd1273,Group11
First41,Last41,Last41,P@ssw0rd1274,Group12
First42,Last42,Last42,P@ssw0rd1275,Group13
First43,Last43,Last43,P@ssw0rd1276,Group14
First44,Last44,Last44,P@ssw0rd1277,Group15
First45,Last45,Last45,P@ssw0rd1278,Group16
First46,Last46,Last46,P@ssw0rd1279,Group17
First47,Last47,Last47,P@ssw0rd1280,Group18
First48,Last48,Last48,P@ssw0rd1281,Group19
First49,Last49,Last49,P@ssw0rd1282,Group20
First50,Last50,Last50,P@ssw0rd1283,Group21
First51,Last51,Last51,P@ssw0rd1284,Domain Admins
First52,Last52,Last52,P@ssw0rd1285,Group23
First53,Last53,Last53,P@ssw0rd1286,Group24
First54,Last54,Last54,P@ssw0rd1287,Group25
First55,Last55,Last55,P@ssw0rd1288,Group26
First56,Last56,Last56,P@ssw0rd1289,Group27
First57,Last57,Last57,P@ssw0rd1290,Group28
First58,Last58,Last58,P@ssw0rd1291,Group29
First59,Last59,Last59,P@ssw0rd1292,Group1
First60,Last60,Last60,P@ssw0rd1293,Group2
First61,Last61,Last61,P@ssw0rd1294,Group3
First62,Last62,Last62,P@ssw0rd1295,Group4
First63,Last63,Last63,P@ssw0rd1296,Group5
First64,Last64,Last64,P@ssw0rd1297,Domain Admins
First65,Last65,Last65,P@ssw0rd1298,Group7
First66,Last66,Last66,P@ssw0rd1299,Group8
First67,Last67,Last67,P@ssw0rd1300,Group9
First68,Last68,Last68,P@ssw0rd1301,Group10
First69,Last69,Last69,P@ssw0rd1302,Group11
First70,Last70,Last70,P@ssw0rd1303,Group12
First71,Last71,Last71,P@ssw0rd1304,Group13
First72,Last72,Last72,P@ssw0rd1305,Group14
First73,Last73,Last73,P@ssw0rd1306,Group15
First74,Last74,Last74,P@ssw0rd1307,Group1
First75,Last75,Last75,P@ssw0rd1308,Group2
First76,Last76,Last76,P@ssw0rd1309,Group3
First77,Last77,Last77,P@ssw0rd1310,Group4
First78,Last78,Last78,P@ssw0rd1311,Group5
First79,Last79,Last79,P@ssw0rd1312,Group6
First80,Last80,Last80,P@ssw0rd1313,Group7
First81,Last81,Last81,P@ssw0rd1314,Group8
First82,Last82,Last82,P@ssw0rd1315,Domain Admins
First83,Last83,Last83,P@ssw0rd1316,Group10
First84,Last84,Last84,P@ssw0rd1317,Group15
First85,Last85,Last85,P@ssw0rd1318,Group16
First86,Last86,Last86,P@ssw0rd1319,Group17
First87,Last87,Last87,P@ssw0rd1320,Group18
First88,Last88,Last88,P@ssw0rd1321,Group19
First89,Last89,Last89,P@ssw0rd1322,Domain Admins
First90,Last90,Last90,P@ssw0rd1323,Group21
First91,Last91,Last91,P@ssw0rd1324,Group22
First92,Last92,Last92,P@ssw0rd1325,Group23
First93,Last93,Last93,P@ssw0rd1326,Group24
First94,Last94,Last94,P@ssw0rd1327,Domain Admins
First95,Last95,Last95,P@ssw0rd1328,Group26
First96,Last96,Last96,P@ssw0rd1329,Group27
First97,Last97,Last97,P@ssw0rd1330,Group28
First98,Last98,Last98,P@ssw0rd1331,Group5
First99,Last99,Last99,P@ssw0rd1332,Group6
First100,Last100,Last100,P@ssw0rd1333,Group7
First101,Last101,Last101,P@ssw0rd1334,Group8
First102,Last102,Last102,P@ssw0rd1335,Group9
First103,Last103,Last103,P@ssw0rd1336,Domain Admins
First104,Last104,Last104,P@ssw0rd1337,Group11
First105,Last105,Last105,P@ssw0rd1338,Group12
First106,Last106,Last106,P@ssw0rd1339,Group13
First107,Last107,Last107,P@ssw0rd1340,Group14
First108,Last108,Last108,P@ssw0rd1341,Group15
First109,Last109,Last109,P@ssw0rd1342,Group16
First110,Last110,Last110,P@ssw0rd1343,Group17
First111,Last111,Last111,P@ssw0rd1344,Group17
First112,Last112,Last112,P@ssw0rd1345,Group18
First113,Last113,Last113,P@ssw0rd1346,Group19
First114,Last114,Last114,P@ssw0rd1347,Group20
First115,Last115,Last115,P@ssw0rd1348,Group21
First116,Last116,Last116,P@ssw0rd1349,Group22
First117,Last117,Last117,P@ssw0rd1350,Group23
First118,Last118,Last118,P@ssw0rd1351,Group24
First119,Last119,Last119,P@ssw0rd1352,Group25
First120,Last120,Last120,P@ssw0rd1353,Group26
First121,Last121,Last121,P@ssw0rd1354,Group27
First122,Last122,Last122,P@ssw0rd1355,Administrators
First123,Last123,Last123,P@ssw0rd1356,Group29
First124,Last124,Last124,P@ssw0rd1357,Group5
First125,Last125,Last125,P@ssw0rd1358,Group6
First126,Last126,Last126,P@ssw0rd1359,Group7
First127,Last127,Last127,P@ssw0rd1360,Group8
First128,Last128,Last128,P@ssw0rd1361,Group9
First129,Last129,Last129,P@ssw0rd1362,Group10
First130,Last130,Last130,P@ssw0rd1363,Group11
First131,Last131,Last131,P@ssw0rd1364,Group12
First132,Last132,Last132,P@ssw0rd1365,Group13
First133,Last133,Last133,P@ssw0rd1366,Group14
First134,Last134,Last134,P@ssw0rd1367,Group15
First135,Last135,Last135,P@ssw0rd1368,Group16
First136,Last136,Last136,P@ssw0rd1369,Group20
First137,Last137,Last137,P@ssw0rd1370,Group21
First138,Last138,Last138,P@ssw0rd1371,Group22
First139,Last139,Last139,P@ssw0rd1372,Group23
First140,Last140,Last140,P@ssw0rd1373,Group24
First141,Last141,Last141,P@ssw0rd1374,Group25
First142,Last142,Last142,P@ssw0rd1375,Group26
First143,Last143,Last143,P@ssw0rd1376,Group27
First144,Last144,Last144,P@ssw0rd1377,Administrators
First145,Last145,Last145,P@ssw0rd1378,Group2
First146,Last146,Last146,P@ssw0rd1379,Group3
First147,Last147,Last147,P@ssw0rd1380,Group4
First148,Last148,Last148,P@ssw0rd1381,Group5
First149,Last149,Last149,P@ssw0rd1382,Group6
First150,Last150,Last150,P@ssw0rd1383,Group7
First151,Last151,Last151,P@ssw0rd1384,Group8
First152,Last152,Last152,P@ssw0rd1385,Group9
First153,Last153,Last153,P@ssw0rd1386,Group10
First154,Last154,Last154,P@ssw0rd1387,Group11
First155,Last155,Last155,P@ssw0rd1388,Group12
First156,Last156,Last156,P@ssw0rd1389,Group13
First157,Last157,Last157,P@ssw0rd1390,Group14
First158,Last158,Last158,P@ssw0rd1391,Group15
First159,Last159,Last159,P@ssw0rd1392,Group16
First160,Last160,Last160,P@ssw0rd1393,Group17
First161,Last161,Last161,P@ssw0rd1394,Group18
First162,Last162,Last162,P@ssw0rd1395,Domain Admins
First163,Last163,Last163,P@ssw0rd1396,Group20
First164,Last164,Last164,P@ssw0rd1397,Group21
First165,Last165,Last165,P@ssw0rd1398,Group22
First166,Last166,Last166,P@ssw0rd1399,Group23
First167,Last167,Last167,P@ssw0rd1400,Group3
First168,Last168,Last168,P@ssw0rd1401,Group4
First169,Last169,Last169,P@ssw0rd1402,Group5
First170,Last170,Last170,P@ssw0rd1403,Group6
First171,Last171,Last171,P@ssw0rd1404,Group7
First172,Last172,Last172,P@ssw0rd1405,Group8
First173,Last173,Last173,P@ssw0rd1406,Group9
First174,Last174,Last174,P@ssw0rd1407,Group10
First175,Last175,Last175,P@ssw0rd1408,Group11
First176,Last176,Last176,P@ssw0rd1409,Group12
First177,Last177,Last177,P@ssw0rd1410,Group13
First178,Last178,Last178,P@ssw0rd1411,Group14
First179,Last179,Last179,P@ssw0rd1412,Group15
First180,Last180,Last180,P@ssw0rd1413,Group16
First181,Last181,Last181,P@ssw0rd1414,Group17
First182,Last182,Last182,P@ssw0rd1415,Domain Admins
First183,Last183,Last183,P@ssw0rd1416,Group19
First184,Last184,Last184,P@ssw0rd1417,Group15
First185,Last185,Last185,P@ssw0rd1418,Group16
First186,Last186,Last186,P@ssw0rd1419,Group17
First187,Last187,Last187,P@ssw0rd1420,Group18
First188,Last188,Last188,P@ssw0rd1421,Administrators
First189,Last189,Last189,P@ssw0rd1422,Group20
First190,Last190,Last190,P@ssw0rd1423,Group21
First191,Last191,Last191,P@ssw0rd1424,Group22
First192,Last192,Last192,P@ssw0rd1425,Group23
First193,Last193,Last193,P@ssw0rd1426,Group24
First194,Last194,Last194,P@ssw0rd1427,Group25
First195,Last195,Last195,P@ssw0rd1428,Group26
First196,Last196,Last196,P@ssw0rd1429,Domain Admins
First197,Last197,Last197,P@ssw0rd1430,Group28
First198,Last198,Last198,P@ssw0rd1431,Group29
First199,Last199,Last199,P@ssw0rd1432,Group1
First200,Last200,Last200,P@ssw0rd1433,Group2
First201,Last201,Last201,P@ssw0rd1434,Group3
First202,Last202,Last202,P@ssw0rd1435,Group4
First203,Last203,Last203,P@ssw0rd1436,Group5
First204,Last204,Last204,P@ssw0rd1437,Group6
First205,Last205,Last205,P@ssw0rd1438,Group7
First206,Last206,Last206,P@ssw0rd1439,Group8
First207,Last207,Last207,P@ssw0rd1440,Group9
First208,Last208,Last208,P@ssw0rd1441,Domain Admins
First209,Last209,Last209,P@ssw0rd1442,Group11
First210,Last210,Last210,P@ssw0rd1443,Group12
First211,Last211,Last211,P@ssw0rd1444,Group13
First212,Last212,Last212,P@ssw0rd1445,Group14
First213,Last213,Last213,P@ssw0rd1446,Group15
First214,Last214,Last214,P@ssw0rd1447,Group16
First215,Last215,Last215,P@ssw0rd1448,Group17
First216,Last216,Last216,P@ssw0rd1449,Group18
First217,Last217,Last217,P@ssw0rd1450,Group19
First218,Last218,Last218,P@ssw0rd1451,Administrators
First219,Last219,Last219,P@ssw0rd1452,Group21
First220,Last220,Last220,P@ssw0rd1453,Group7
First221,Last221,Last221,P@ssw0rd1454,Group8
First222,Last222,Last222,P@ssw0rd1455,Group9
First223,Last223,Last223,P@ssw0rd1456,Group10
First224,Last224,Last224,P@ssw0rd1457,Group11
First225,Last225,Last225,P@ssw0rd1458,Group12
First226,Last226,Last226,P@ssw0rd1459,Group13
First227,Last227,Last227,P@ssw0rd1460,Group14
First228,Last228,Last228,P@ssw0rd1461,Group15
First229,Last229,Last229,P@ssw0rd1462,Group16
First230,Last230,Last230,P@ssw0rd1463,Group17
First231,Last231,Last231,P@ssw0rd1464,Group18
First232,Last232,Last232,P@ssw0rd1465,Group19
First233,Last233,Last233,P@ssw0rd1466,Group10
First234,Last234,Last234,P@ssw0rd1467,Group11
First235,Last235,Last235,P@ssw0rd1468,Domain Admins
First236,Last236,Last236,P@ssw0rd1469,Group13
First237,Last237,Last237,P@ssw0rd1470,Group14
First238,Last238,Last238,P@ssw0rd1471,Group15
First239,Last239,Last239,P@ssw0rd1472,Group16
First240,Last240,Last240,P@ssw0rd1473,Group17
First241,Last241,Last241,P@ssw0rd1474,Group18
First242,Last242,Last242,P@ssw0rd1475,Group19
First243,Last243,Last243,P@ssw0rd1476,Group20
First244,Last244,Last244,P@ssw0rd1477,Group21
First245,Last245,Last245,P@ssw0rd1478,Group15
First246,Last246,Last246,P@ssw0rd1479,Group16
First247,Last247,Last247,P@ssw0rd1480,Group17
First248,Last248,Last248,P@ssw0rd1481,Group18
First249,Last249,Last249,P@ssw0rd1482,Group19
First250,Last250,Last250,P@ssw0rd1483,Group20
