Firstname,Lastname,SAM,Password
First1,Last1,Last1,P@ssw0rd1234
First2,Last2,Last2,P@ssw0rd1235
First3,Last3,Last3,P@ssw0rd1236
First4,Last4,Last4,P@ssw0rd1237
First5,Last5,Last5,P@ssw0rd1238
First6,Last6,Last6,P@ssw0rd1239
First7,Last7,Last7,P@ssw0rd1240
First8,Last8,Last8,P@ssw0rd1241
First9,Last9,Last9,P@ssw0rd1242
First10,Last10,Last10,P@ssw0rd1243
First11,Last11,Last11,P@ssw0rd1244
First12,Last12,Last12,P@ssw0rd1245
First13,Last13,Last13,P@ssw0rd1246
First14,Last14,Last14,P@ssw0rd1247
First15,Last15,Last15,P@ssw0rd1248
First16,Last16,Last16,P@ssw0rd1249
First17,Last17,Last17,P@ssw0rd1250
First18,Last18,Last18,P@ssw0rd1251
First19,Last19,Last19,P@ssw0rd1252
First20,Last20,Last20,P@ssw0rd1253
First21,Last21,Last21,P@ssw0rd1254
First22,Last22,Last22,P@ssw0rd1255
First23,Last23,Last23,P@ssw0rd1256
First24,Last24,Last24,P@ssw0rd1257
First25,Last25,Last25,P@ssw0rd1258
First26,Last26,Last26,P@ssw0rd1259
First27,Last27,Last27,P@ssw0rd1260
First28,Last28,Last28,P@ssw0rd1261
First29,Last29,Last29,P@ssw0rd1262
First30,Last30,Last30,P@ssw0rd1263
First31,Last31,Last31,P@ssw0rd1264
First32,Last32,Last32,P@ssw0rd1265
First33,Last33,Last33,P@ssw0rd1266
First34,Last34,Last34,P@ssw0rd1267
First35,Last35,Last35,P@ssw0rd1268
First36,Last36,Last36,P@ssw0rd1269
First37,Last37,Last37,P@ssw0rd1270
First38,Last38,Last38,P@ssw0rd1271
First39,Last39,Last39,P@ssw0rd1272
First40,Last40,Last40,P@ssw0rd1273
First41,Last41,Last41,P@ssw0rd1274
First42,Last42,Last42,P@ssw0rd1275
First43,Last43,Last43,P@ssw0rd1276
First44,Last44,Last44,P@ssw0rd1277
First45,Last45,Last45,P@ssw0rd1278
First46,Last46,Last46,P@ssw0rd1279
First47,Last47,Last47,P@ssw0rd1280
First48,Last48,Last48,P@ssw0rd1281
First49,Last49,Last49,P@ssw0rd1282
First50,Last50,Last50,P@ssw0rd1283
First51,Last51,Last51,P@ssw0rd1284
First52,Last52,Last52,P@ssw0rd1285
First53,Last53,Last53,P@ssw0rd1286
First54,Last54,Last54,P@ssw0rd1287
First55,Last55,Last55,P@ssw0rd1288
First56,Last56,Last56,P@ssw0rd1289
First57,Last57,Last57,P@ssw0rd1290
First58,Last58,Last58,P@ssw0rd1291
First59,Last59,Last59,P@ssw0rd1292
First60,Last60,Last60,P@ssw0rd1293
First61,Last61,Last61,P@ssw0rd1294
First62,Last62,Last62,P@ssw0rd1295
First63,Last63,Last63,P@ssw0rd1296
First64,Last64,Last64,P@ssw0rd1297
First65,Last65,Last65,P@ssw0rd1298
First66,Last66,Last66,P@ssw0rd1299
First67,Last67,Last67,P@ssw0rd1300
First68,Last68,Last68,P@ssw0rd1301
First69,Last69,Last69,P@ssw0rd1302
First70,Last70,Last70,P@ssw0rd1303
First71,Last71,Last71,P@ssw0rd1304
First72,Last72,Last72,P@ssw0rd1305
First73,Last73,Last73,P@ssw0rd1306
First74,Last74,Last74,P@ssw0rd1307
First75,Last75,Last75,P@ssw0rd1308
First76,Last76,Last76,P@ssw0rd1309
First77,Last77,Last77,P@ssw0rd1310
First78,Last78,Last78,P@ssw0rd1311
First79,Last79,Last79,P@ssw0rd1312
First80,Last80,Last80,P@ssw0rd1313
First81,Last81,Last81,P@ssw0rd1314
First82,Last82,Last82,P@ssw0rd1315
First83,Last83,Last83,P@ssw0rd1316
First84,Last84,Last84,P@ssw0rd1317
First85,Last85,Last85,P@ssw0rd1318
First86,Last86,Last86,P@ssw0rd1319
First87,Last87,Last87,P@ssw0rd1320
First88,Last88,Last88,P@ssw0rd1321
First89,Last89,Last89,P@ssw0rd1322
First90,Last90,Last90,P@ssw0rd1323
First91,Last91,Last91,P@ssw0rd1324
First92,Last92,Last92,P@ssw0rd1325
First93,Last93,Last93,P@ssw0rd1326
First94,Last94,Last94,P@ssw0rd1327
First95,Last95,Last95,P@ssw0rd1328
First96,Last96,Last96,P@ssw0rd1329
First97,Last97,Last97,P@ssw0rd1330
First98,Last98,Last98,P@ssw0rd1331
First99,Last99,Last99,P@ssw0rd1332
First100,Last100,Last100,P@ssw0rd1333
First101,Last101,Last101,P@ssw0rd1334
First102,Last102,Last102,P@ssw0rd1335
First103,Last103,Last103,P@ssw0rd1336
First104,Last104,Last104,P@ssw0rd1337
First105,Last105,Last105,P@ssw0rd1338
First106,Last106,Last106,P@ssw0rd1339
First107,Last107,Last107,P@ssw0rd1340
First108,Last108,Last108,P@ssw0rd1341
First109,Last109,Last109,P@ssw0rd1342
First110,Last110,Last110,P@ssw0rd1343
First111,Last111,Last111,P@ssw0rd1344
First112,Last112,Last112,P@ssw0rd1345
First113,Last113,Last113,P@ssw0rd1346
First114,Last114,Last114,P@ssw0rd1347
First115,Last115,Last115,P@ssw0rd1348
First116,Last116,Last116,P@ssw0rd1349
First117,Last117,Last117,P@ssw0rd1350
First118,Last118,Last118,P@ssw0rd1351
First119,Last119,Last119,P@ssw0rd1352
First120,Last120,Last120,P@ssw0rd1353
First121,Last121,Last121,P@ssw0rd1354
First122,Last122,Last122,P@ssw0rd1355
First123,Last123,Last123,P@ssw0rd1356
First124,Last124,Last124,P@ssw0rd1357
First125,Last125,Last125,P@ssw0rd1358
First126,Last126,Last126,P@ssw0rd1359
First127,Last127,Last127,P@ssw0rd1360
First128,Last128,Last128,P@ssw0rd1361
First129,Last129,Last129,P@ssw0rd1362
First130,Last130,Last130,P@ssw0rd1363
First131,Last131,Last131,P@ssw0rd1364
First132,Last132,Last132,P@ssw0rd1365
First133,Last133,Last133,P@ssw0rd1366
First134,Last134,Last134,P@ssw0rd1367
First135,Last135,Last135,P@ssw0rd1368
First136,Last136,Last136,P@ssw0rd1369
First137,Last137,Last137,P@ssw0rd1370
First138,Last138,Last138,P@ssw0rd1371
First139,Last139,Last139,P@ssw0rd1372
First140,Last140,Last140,P@ssw0rd1373
First141,Last141,Last141,P@ssw0rd1374
First142,Last142,Last142,P@ssw0rd1375
First143,Last143,Last143,P@ssw0rd1376
First144,Last144,Last144,P@ssw0rd1377
First145,Last145,Last145,P@ssw0rd1378
First146,Last146,Last146,P@ssw0rd1379
First147,Last147,Last147,P@ssw0rd1380
First148,Last148,Last148,P@ssw0rd1381
First149,Last149,Last149,P@ssw0rd1382
First150,Last150,Last150,P@ssw0rd1383
First151,Last151,Last151,P@ssw0rd1384
First152,Last152,Last152,P@ssw0rd1385
First153,Last153,Last153,P@ssw0rd1386
First154,Last154,Last154,P@ssw0rd1387
First155,Last155,Last155,P@ssw0rd1388
First156,Last156,Last156,P@ssw0rd1389
First157,Last157,Last157,P@ssw0rd1390
First158,Last158,Last158,P@ssw0rd1391
First159,Last159,Last159,P@ssw0rd1392
First160,Last160,Last160,P@ssw0rd1393
First161,Last161,Last161,P@ssw0rd1394
First162,Last162,Last162,P@ssw0rd1395
First163,Last163,Last163,P@ssw0rd1396
First164,Last164,Last164,P@ssw0rd1397
First165,Last165,Last165,P@ssw0rd1398
First166,Last166,Last166,P@ssw0rd1399
First167,Last167,Last167,P@ssw0rd1400
First168,Last168,Last168,P@ssw0rd1401
First169,Last169,Last169,P@ssw0rd1402
First170,Last170,Last170,P@ssw0rd1403
First171,Last171,Last171,P@ssw0rd1404
First172,Last172,Last172,P@ssw0rd1405
First173,Last173,Last173,P@ssw0rd1406
First174,Last174,Last174,P@ssw0rd1407
First175,Last175,Last175,P@ssw0rd1408
First176,Last176,Last176,P@ssw0rd1409
First177,Last177,Last177,P@ssw0rd1410
First178,Last178,Last178,P@ssw0rd1411
First179,Last179,Last179,P@ssw0rd1412
First180,Last180,Last180,P@ssw0rd1413
First181,Last181,Last181,P@ssw0rd1414
First182,Last182,Last182,P@ssw0rd1415
First183,Last183,Last183,P@ssw0rd1416
First184,Last184,Last184,P@ssw0rd1417
First185,Last185,Last185,P@ssw0rd1418
First186,Last186,Last186,P@ssw0rd1419
First187,Last187,Last187,P@ssw0rd1420
First188,Last188,Last188,P@ssw0rd1421
First189,Last189,Last189,P@ssw0rd1422
First190,Last190,Last190,P@ssw0rd1423
First191,Last191,Last191,P@ssw0rd1424
First192,Last192,Last192,P@ssw0rd1425
First193,Last193,Last193,P@ssw0rd1426
First194,Last194,Last194,P@ssw0rd1427
First195,Last195,Last195,P@ssw0rd1428
First196,Last196,Last196,P@ssw0rd1429
First197,Last197,Last197,P@ssw0rd1430
First198,Last198,Last198,P@ssw0rd1431
First199,Last199,Last199,P@ssw0rd1432
First200,Last200,Last200,P@ssw0rd1433
First201,Last201,Last201,P@ssw0rd1434
First202,Last202,Last202,P@ssw0rd1435
First203,Last203,Last203,P@ssw0rd1436
First204,Last204,Last204,P@ssw0rd1437
First205,Last205,Last205,P@ssw0rd1438
First206,Last206,Last206,P@ssw0rd1439
First207,Last207,Last207,P@ssw0rd1440
First208,Last208,Last208,P@ssw0rd1441
First209,Last209,Last209,P@ssw0rd1442
First210,Last210,Last210,P@ssw0rd1443
First211,Last211,Last211,P@ssw0rd1444
First212,Last212,Last212,P@ssw0rd1445
First213,Last213,Last213,P@ssw0rd1446
First214,Last214,Last214,P@ssw0rd1447
First215,Last215,Last215,P@ssw0rd1448
First216,Last216,Last216,P@ssw0rd1449
First217,Last217,Last217,P@ssw0rd1450
First218,Last218,Last218,P@ssw0rd1451
First219,Last219,Last219,P@ssw0rd1452
First220,Last220,Last220,P@ssw0rd1453
First221,Last221,Last221,P@ssw0rd1454
First222,Last222,Last222,P@ssw0rd1455
First223,Last223,Last223,P@ssw0rd1456
First224,Last224,Last224,P@ssw0rd1457
First225,Last225,Last225,P@ssw0rd1458
First226,Last226,Last226,P@ssw0rd1459
First227,Last227,Last227,P@ssw0rd1460
First228,Last228,Last228,P@ssw0rd1461
First229,Last229,Last229,P@ssw0rd1462
First230,Last230,Last230,P@ssw0rd1463
First231,Last231,Last231,P@ssw0rd1464
First232,Last232,Last232,P@ssw0rd1465
First233,Last233,Last233,P@ssw0rd1466
First234,Last234,Last234,P@ssw0rd1467
First235,Last235,Last235,P@ssw0rd1468
First236,Last236,Last236,P@ssw0rd1469
First237,Last237,Last237,P@ssw0rd1470
First238,Last238,Last238,P@ssw0rd1471
First239,Last239,Last239,P@ssw0rd1472
First240,Last240,Last240,P@ssw0rd1473
First241,Last241,Last241,P@ssw0rd1474
First242,Last242,Last242,P@ssw0rd1475
First243,Last243,Last243,P@ssw0rd1476
First244,Last244,Last244,P@ssw0rd1477
First245,Last245,Last245,P@ssw0rd1478
First246,Last246,Last246,P@ssw0rd1479
First247,Last247,Last247,P@ssw0rd1480
First248,Last248,Last248,P@ssw0rd1481
First249,Last249,Last249,P@ssw0rd1482
First250,Last250,Last250,P@ssw0rd1483
